reasoner_type,reasoner_seed,attacker_seed,num_vars,embed_dim,num_attack_tokens,raw_state_acc,adv_ns0_state_acc,adv_ns1_state_acc,adv_ns2_state_acc,adv_ns3_state_acc,adv_ns1_atk_wts,adv_ns2_atk_wts,adv_ns3_atk_wts,adv_suffix_size_avg,raw_tokens_size_avg
learned,601,701,64,128,2,0.99346923828125,0.0,0.64263916015625,0.58367919921875,0.48931884765625,0.3766705095767975,0.7636667490005493,0.6742665767669678,2.925462007522583,0.046091865748167
learned,601,701,48,96,2,0.99041748046875,0.0,0.7635498046875,0.7218017578125,0.58868408203125,0.4760309755802154,0.7891995310783386,0.6664904356002808,1.5436244010925293,0.0613737292587757
learned,601,701,32,64,2,0.9869384765625,0.0,0.66510009765625,0.612548828125,0.47705078125,0.4540595412254333,0.8045352697372437,0.6352754235267639,1.652077317237854,0.0916230529546737
learned,601,701,16,32,2,0.96875,0.0,0.62835693359375,0.5828857421875,0.39215087890625,0.3828875422477722,0.6693980097770691,0.5179696679115295,2.0731027126312256,0.18094278872013092
