reasoner_type,reasoner_seed,attacker_seed,num_vars,embed_dim,num_attack_tokens,raw_state_acc,adv_ns0_state_acc,adv_ns1_state_acc,adv_ns2_state_acc,adv_ns3_state_acc,adv_ns1_atk_wts,adv_ns2_atk_wts,adv_ns3_atk_wts,raw_ns1_suppd_wts,raw_ns2_suppd_wts,raw_ns3_suppd_wts,raw_ns1_other_wts,raw_ns2_other_wts,raw_ns3_other_wts,adv_ns1_suppd_wts,adv_ns2_suppd_wts,adv_ns3_suppd_wts,adv_ns1_other_wts,adv_ns2_other_wts,adv_ns3_other_wts
learned,601,701,64,128,2,0.9942626953125,0.0,0.984130859375,0.98162841796875,0.9708251953125,0.1546785682439804,0.3921258151531219,0.4103286564350128,0.0236063785851001,0.2914309501647949,0.0903470963239669,0.0235928315669298,0.2913945615291595,0.090309590101242,0.0761228278279304,0.1767376959323883,0.1850634068250656,0.0359104759991169,0.1765675842761993,0.0522651337087154
learned,601,701,48,96,2,0.990234375,0.0,0.99652099609375,0.99151611328125,0.97198486328125,0.1214726343750953,0.3525328636169433,0.3789077401161194,0.0196665283292531,0.2809255719184875,0.0845374912023544,0.019741952419281,0.2813572585582733,0.0846032202243805,0.0650200098752975,0.1814967840909958,0.1839782446622848,0.0290610082447528,0.18170827627182,0.0517562329769134
learned,601,701,32,64,2,0.987060546875,0.0,0.998046875,0.996826171875,0.99212646484375,0.1546113938093185,0.3845548033714294,0.4320036172866821,0.0179888941347599,0.2714954018592834,0.0811010748147964,0.0179853457957506,0.2712238132953644,0.0810467079281807,0.0572331771254539,0.1665591597557068,0.1591785699129104,0.0239474195986986,0.16636323928833,0.0451715253293514
learned,601,701,16,32,2,0.9677734375,0.0,0.99908447265625,0.99566650390625,0.96014404296875,0.14339150488376617,0.3547140955924988,0.3815392255783081,0.016235386952757835,0.25206682085990906,0.07889265567064285,0.016252467408776283,0.25232306122779846,0.07874183356761932,0.0515865683555603,0.1617985963821411,0.16240566968917847,0.023284446448087692,0.16224835813045502,0.04847497493028641
